Feature,Importance
Age,0.27030884212491196
Balance,0.1285613712831559
NumOfProducts,0.1270598473684841
EstimatedSalary,0.11288400960544903
CreditScore,0.11030072953962143
Tenure,0.0981249124746021
IsActiveMember,0.06026937895594671
Geography_Germany,0.04322530213948938
HasCrCard,0.017522355932089725
Gender_Male,0.017216742639365897
Geography_Spain,0.01452650793688382
